policy_annual_premium,umbrella_limit,capital_gains,capital_loss,incident_severity,incident_hour_of_the_day,number_of_vehicles_involved,bodily_injuries,property_claim
1406.91,0,53300,0,1,5,1,1,13020
1197.22,5000000,0,0,0,8,1,0,780
1413.14,5000000,35100,0,0,7,3,2,3850
1415.74,6000000,48900,-62400,1,5,1,1,6340
1583.91,6000000,66000,-46000,0,20,1,0,650
1351.1,0,0,0,1,19,3,0,6410
1333.35,0,0,-77000,0,0,3,0,7150
1137.03,0,0,0,2,23,3,2,9380
1442.99,0,0,0,2,21,1,1,2770
1315.68,0,0,-39300,2,14,1,2,4700
1253.12,4000000,38400,0,2,22,1,2,15820
1137.16,0,0,-51000,1,21,3,1,17680
1215.36,3000000,0,0,2,9,1,1,9420
936.61,0,52800,-32800,0,5,1,1,1120
1301.13,0,41300,-55500,2,12,1,0,8400
1131.4,0,55700,0,1,12,4,0,10520
1199.44,5000000,63600,0,1,0,3,1,5790
708.64,6000000,53500,0,2,9,1,0,7080
1374.22,0,45500,-37800,2,19,1,1,13260
1475.73,0,57000,-27300,1,8,3,2,6040
1187.96,4000000,0,0,0,20,3,1,5240
875.15,0,46700,0,2,15,3,1,4730
972.18,0,72700,-68200,1,20,3,0,5960
1268.79,0,0,-31000,2,15,1,2,16360
883.31,0,0,-53500,0,6,1,1,14160
1266.92,0,0,0,1,16,3,1,11000
1322.1,0,0,-29200,0,4,1,1,820
848.07,3000000,31000,-30200,0,5,1,2,520
1291.7,0,0,-55600,0,21,1,1,15520
1104.5,0,0,0,0,5,1,2,14100
954.16,0,53200,0,1,22,4,0,12600
1337.28,8000000,27500,0,1,10,3,2,7460
1088.34,0,81100,0,2,16,3,2,3310
1558.29,0,51400,-64000,1,1,3,1,14020
1415.68,0,0,0,2,17,1,0,5400
1334.15,6000000,53300,-49200,1,15,1,2,5310
988.45,0,0,0,2,3,1,1,6020
1222.48,0,0,0,0,16,1,1,820
1155.55,0,65700,0,1,4,3,2,6230
1262.08,0,48500,0,1,4,1,0,10940
1451.62,0,0,-55700,0,19,1,2,4000
1737.66,0,0,-24100,1,1,1,1,16180
1475.93,0,0,-67400,0,17,3,1,5740
538.17,0,49700,-60200,2,23,1,2,5680
1081.08,0,36400,-28700,0,14,1,0,11280
1454.43,0,0,0,2,17,3,2,0
1240.47,0,35300,0,2,11,3,1,14020
1273.7,4000000,0,0,1,19,3,2,6280
1123.87,8000000,0,0,3,5,1,2,810
1245.89,0,0,-40300,2,19,1,0,7660
1326.62,7000000,0,0,0,19,3,0,8180
1073.83,0,0,0,3,4,1,1,660
1530.52,0,0,0,0,8,1,2,430
1201.41,0,88400,-46500,1,7,3,1,12820
1393.57,0,47600,-39600,0,5,1,0,480
1276.57,0,71500,0,0,3,1,1,7890
1082.49,0,36100,-55000,1,12,3,2,6270
1414.74,0,0,0,0,19,1,1,300
1470.06,0,56600,-45800,2,22,1,0,7310
870.63,0,94800,-58500,0,12,3,1,5720
795.23,0,36900,0,1,15,3,2,0
1168.2,0,69100,0,2,23,3,0,3690
993.51,0,0,-49500,0,12,1,0,11260
1848.81,0,0,-49000,1,20,3,2,5710
1641.73,5000000,62400,0,2,16,3,0,6570
1362.87,0,35700,0,0,6,3,2,6860
1239.22,7000000,43400,-91200,0,12,1,0,13800
835.02,0,59600,0,0,17,3,1,3770
1061.33,0,43300,-66200,1,8,1,0,6230
1279.08,0,0,-51500,0,13,1,0,860
1105.49,0,56200,-50000,1,12,2,2,6210
1055.53,0,37800,-50300,2,7,1,0,6810
895.83,0,0,0,0,10,1,1,0
1632.93,0,0,-42900,0,7,3,2,4760
1405.99,0,0,0,0,18,3,1,4770
1425.54,0,78300,0,2,22,3,2,5690
1038.09,0,0,-19700,0,18,3,1,7450
1307.11,0,0,0,2,22,3,0,10860
1489.24,6000000,0,-45000,0,15,1,2,1240
976.67,0,0,0,1,16,1,1,7220
1340.43,0,52700,-40600,0,6,3,1,10160
1267.81,5000000,0,0,3,10,1,2,1320
1234.2,6000000,0,0,0,3,1,2,1500
1318.06,0,57300,-80600,3,13,1,0,1180
769.95,0,0,-44200,1,16,2,2,11080
1514.72,0,35700,0,1,13,3,0,11660
873.64,4000000,800,0,0,9,3,2,11400
1612.43,0,36400,0,2,2,1,2,11680
1318.24,9000000,0,-78600,3,9,1,0,470
1226.83,0,0,-56100,1,12,3,2,5640
1326.44,5000000,0,0,2,12,2,1,10300
1136.83,4000000,0,-62400,1,14,1,0,17880
1322.78,0,55200,0,3,9,1,0,590
1483.25,0,90700,-20800,1,3,3,1,11780
1515.3,0,0,0,2,21,3,1,8520
1075.18,5000000,67700,-58400,0,5,1,2,630
1690.27,0,61500,0,1,11,1,0,6630
1352.83,0,0,-71700,0,4,4,1,7210
1148.73,0,0,0,3,6,1,1,900
969.5,0,0,0,3,10,1,0,700
1463.82,0,0,-72300,0,23,1,0,15860
1474.17,0,0,0,1,13,1,1,5280
1497.35,0,37300,-31700,0,16,3,2,3600
1427.14,0,35300,-58100,0,3,1,1,330
1495.1,0,50500,0,2,15,3,0,7790
1141.62,0,34300,-24300,0,4,1,1,480
1125.37,0,0,-56400,1,6,3,0,19950
1207.36,0,0,-57000,1,22,2,1,14840
1338.5,0,28800,0,1,1,1,0,10860
1074.07,0,0,-47500,1,16,3,0,11080
1337.56,0,0,0,0,18,1,1,14940
1298.91,6000000,52600,-38800,1,0,1,0,7000
1222.75,0,0,-41000,2,12,3,2,14740
1059.52,0,0,-40600,1,13,2,1,9620
1124.38,0,0,0,0,9,1,1,1180
1110.37,10000000,34400,-56800,2,14,3,0,9540
1374.22,0,62000,-63100,0,16,1,0,9320
1103.58,0,41200,-36200,1,20,3,2,12800
1269.76,0,44300,0,0,4,1,1,9000
964.79,8000000,58000,0,0,7,3,0,6620
1167.3,4000000,0,0,0,22,1,2,13860
1625.45,4000000,0,-53700,1,11,1,2,12760
1394.43,0,0,0,1,7,1,0,6160
1053.24,0,51100,0,2,0,4,1,17140
1040.75,0,0,0,2,1,1,1,7000
1302.4,6000000,47200,-69700,2,12,3,2,9900
1588.55,0,59600,-32100,2,8,1,0,5760
1399.26,0,70500,0,0,9,1,2,660
1352.31,0,40700,-47300,1,22,1,0,10640
1139.0,6000000,42400,0,1,0,3,1,4970
1397.67,0,57900,0,0,0,3,1,14120
823.17,0,0,0,1,3,3,2,12300
965.13,0,60000,-54800,1,21,3,0,8500
1922.84,0,0,-45200,2,0,1,2,9360
1624.82,0,65300,-65600,0,16,1,1,8680
1277.25,0,84900,0,1,14,1,1,6920
1439.34,0,45300,-20400,0,9,1,0,410
1281.27,0,68900,0,0,9,3,0,6550
1348.83,0,46300,-77500,0,21,3,1,6920
1198.15,0,0,-43200,2,19,3,0,12260
1221.22,0,76000,0,2,2,1,0,4730
968.74,0,0,-49000,3,9,1,2,940
1220.71,0,58600,-28700,0,5,1,2,1260
1238.62,6000000,0,-56200,1,14,1,2,14160
1320.75,0,54100,0,2,20,3,0,5070
990.98,0,0,-57900,1,18,1,2,15280
1398.51,4000000,0,-57100,1,13,3,2,6400
1355.08,0,58100,0,0,21,1,1,4730
1384.51,0,13100,-38200,1,14,1,2,8960
847.03,0,0,0,1,1,1,1,17280
1000.06,0,0,0,2,17,1,1,15040
1046.71,0,0,0,1,4,3,2,5340
1158.03,0,31900,-44600,2,23,3,1,9780
1372.27,0,17600,0,2,13,3,2,10540
1053.04,7000000,52000,-44500,0,20,3,1,9040
1275.39,0,0,0,1,16,1,2,0
1402.75,0,0,0,0,10,3,2,14420
1344.36,7000000,0,0,0,8,1,2,650
1197.71,0,29000,0,2,17,3,2,13040
1203.24,0,62500,-66900,0,9,1,2,620
1152.4,0,39600,-82400,0,0,1,2,1680
1142.62,7000000,0,-54000,2,12,1,2,11700
1332.07,0,49700,-59100,2,20,2,2,13240
1166.54,0,47700,-59300,1,3,1,2,21580
1495.06,0,38100,-31400,2,18,3,2,18180
1337.92,0,71400,0,0,4,3,2,5580
1587.96,0,0,-26900,1,18,1,2,12960
1362.29,0,0,-51100,0,18,3,0,6400
1448.84,0,0,-50000,3,7,1,0,660
1241.97,0,75400,0,0,18,1,1,670
1124.6,0,0,0,0,23,3,0,7960
1079.92,0,88800,0,2,1,1,0,6700
1447.78,0,35100,-59900,2,15,3,1,4990
1229.16,4000000,0,-88300,1,2,3,0,7400
1226.49,0,53900,0,3,3,1,0,1220
897.89,6000000,0,-41300,0,13,1,1,15920
1706.79,0,0,0,0,1,1,1,8560
1254.18,0,0,-45100,0,16,1,0,11380
885.08,0,27000,-58900,2,0,1,0,13100
1046.58,4000000,0,-31700,3,1,1,2,900
1712.68,0,72200,0,1,17,3,2,5110
1097.71,0,29600,-22300,0,13,1,2,16800
1363.77,4000000,51100,0,2,12,1,2,16540
1382.88,7000000,0,-30300,0,11,1,1,7440
1141.35,7000000,0,0,1,18,1,0,5490
1054.83,7000000,0,-51300,2,17,1,2,16120
1057.77,0,0,-57700,2,22,3,1,2250
1488.02,0,0,-39200,0,9,1,1,550
920.3,5000000,51000,-67900,1,11,3,1,6720
986.53,0,62700,0,2,11,1,0,18520
1440.68,0,25000,0,0,8,1,0,980
1086.21,0,68500,-57500,0,18,1,1,5610
1367.68,0,0,0,2,13,1,0,11100
1215.85,0,42900,-90200,0,8,1,1,640
1191.19,4000000,29300,0,2,9,3,0,0
1594.45,0,0,0,2,17,2,2,6960
1463.07,0,0,0,3,3,1,1,530
1734.09,0,0,0,3,6,1,0,650
1411.43,0,45100,-32800,1,17,1,2,11880
1512.58,0,47600,0,0,7,1,1,280
1153.35,0,0,0,3,9,1,2,960
1722.95,0,63100,-13800,0,3,1,2,7670
1281.07,7000000,0,0,3,6,1,0,740
1011.92,0,0,0,1,7,3,0,7150
1042.26,0,0,0,2,21,3,1,2120
1235.1,0,66400,-34400,0,14,1,2,5440
768.91,0,0,-39300,2,0,1,1,5980
1301.72,0,0,0,1,14,3,0,7200
1451.54,3000000,0,0,2,13,4,2,14460
767.14,0,25500,-36700,3,8,1,0,880
1620.89,0,0,0,0,7,1,2,1020
1048.46,0,59900,0,3,9,1,1,590
1538.26,6000000,62200,-31400,0,12,3,2,4290
1217.69,0,24000,0,1,6,3,1,9720
1362.64,5000000,0,0,2,11,1,1,13560
1279.13,0,0,0,0,5,3,1,14740
924.72,0,0,0,0,14,1,2,10520
1019.44,0,0,-39700,3,17,1,2,720
1314.6,0,24800,0,2,0,1,2,6390
1515.18,6000000,0,0,0,21,3,1,9260
1649.18,0,0,-58600,1,18,1,1,5580
1451.01,0,47800,0,0,17,1,2,5620
978.46,0,0,0,2,19,1,0,8920
1198.34,4000000,53000,-72500,2,17,3,1,6340
1003.23,0,0,0,1,23,3,0,12980
1212.0,0,24400,-60500,2,4,1,0,14700
1242.96,7000000,0,-37100,0,2,2,2,13680
1053.02,0,0,0,1,2,1,0,4330
1693.63,0,0,-64000,2,10,3,1,6560
2047.59,0,0,-67800,0,2,1,0,7230
1083.72,0,65600,-68200,2,18,1,0,4880
1138.42,6000000,36900,-55000,0,18,1,2,6100
1072.62,0,39900,-60200,2,7,4,2,6910
1219.04,0,63600,-68700,1,19,3,2,14500
1371.78,0,0,-32500,1,10,3,0,10720
1506.21,0,0,-24400,0,16,3,1,6380
1058.21,3000000,0,0,2,17,1,1,4570
932.14,0,40600,0,2,2,3,2,7150
1608.34,0,33300,-10600,1,19,1,1,12920
1728.56,0,54000,0,0,0,1,1,3530
1518.46,0,0,0,1,16,1,0,5350
1540.19,0,0,-74500,1,20,1,2,7370
965.21,0,36900,-53700,3,10,1,2,630
1278.75,0,53200,-53800,2,21,3,2,10900
773.99,0,0,-70300,3,3,1,1,320
1532.47,0,60300,-24700,1,7,1,0,15080
1340.56,0,0,0,0,19,1,0,6460
1297.75,4000000,0,-41400,2,15,3,0,15180
433.33,0,25900,0,0,7,1,0,590
1025.54,0,0,-52600,1,19,1,1,6410
1264.77,0,47500,-32500,2,13,2,0,10080
1459.97,5000000,0,0,1,2,3,1,14700
1238.65,0,0,-44600,3,5,1,1,680
1050.76,0,41500,-70200,1,21,1,2,5960
1711.72,0,0,0,1,21,3,2,11500
865.33,7000000,0,0,1,7,3,0,9840
1153.49,0,0,0,2,16,3,1,5050
1281.25,0,0,0,1,13,1,0,12820
1342.8,0,0,0,3,2,1,1,660
1443.32,0,0,0,1,19,3,0,5310
1629.94,0,0,-47100,3,17,1,0,350
1134.08,0,0,0,1,3,1,2,5900
1483.91,8000000,0,-33600,1,17,3,0,14120
1304.67,7000000,0,-45000,0,5,3,1,11180
1035.79,0,44400,-51500,0,9,1,1,10480
1401.2,0,51500,0,3,9,1,1,1060
1665.45,0,34400,-33100,1,9,3,2,5920
653.66,0,52100,-46900,0,22,3,0,7830
1080.13,0,0,-61000,1,15,3,0,4610
1346.18,0,57800,-53300,2,14,3,2,6270
1589.54,0,55400,0,0,6,3,2,8530
1251.65,0,71200,0,0,6,1,0,280
1083.01,0,91900,0,1,22,4,2,11040
974.59,0,62800,0,0,14,3,1,11940
1399.85,0,49900,-19800,0,16,3,0,10820
1307.74,0,0,-75700,1,10,3,0,4170
1219.27,0,53100,-63400,2,9,3,1,7120
1411.3,0,55600,0,0,4,1,1,5490
694.45,0,0,0,1,6,3,0,11700
1006.77,6000000,0,0,0,15,3,2,7090
1422.36,0,0,-83900,0,12,3,1,7760
1348.32,0,37600,-37600,3,3,1,2,860
1315.56,0,0,0,0,14,1,0,1240
1407.01,5000000,47400,-27600,1,10,1,0,5990
1388.58,0,0,-49400,1,17,3,1,13260
1310.76,0,0,-40900,2,8,1,0,6390
1004.63,6000000,26900,0,2,14,3,2,11620
1134.91,0,68700,0,3,6,1,1,640
1194.0,0,0,0,1,6,1,1,7420
1248.25,4000000,0,-33300,0,8,1,0,1460
1338.54,-1000000,0,0,1,13,1,0,17120
782.23,0,64200,-32300,2,0,3,0,11460
1366.9,0,0,-15700,1,14,3,1,10540
1275.81,0,0,-48300,0,13,1,2,15540
1090.65,0,0,-51800,0,16,4,1,5340
1326.0,0,0,-54600,2,13,1,1,12020
972.47,0,0,-58100,0,15,3,2,15420
806.31,0,0,0,3,3,1,2,0
1416.24,0,0,0,0,7,1,1,540
1097.64,0,27100,0,1,16,2,1,21240
947.75,0,0,-39300,3,15,1,1,640
1018.73,5000000,20000,-82700,2,21,3,1,21630
1400.74,0,34000,-55600,1,23,3,0,17460
1155.53,5000000,0,-35200,3,5,1,0,630
1386.93,0,54100,-77600,0,15,3,0,6580
915.29,0,82400,-57100,1,14,1,2,4080
1239.55,2000000,0,0,1,1,1,1,9600
1366.42,0,44000,0,2,14,3,1,5910
1086.48,6000000,0,-53800,2,17,3,1,7040
1247.87,0,0,-39700,2,20,3,2,4570
1312.75,0,81300,0,1,10,3,2,14680
765.64,0,0,-22200,1,3,3,0,5700
1327.41,0,0,-38600,2,0,1,0,7000
1338.55,0,39000,0,2,10,3,2,6800
1316.63,8000000,43900,0,0,13,3,2,13000
1286.44,0,0,-39500,0,14,1,2,15100
1372.18,0,0,0,2,22,3,1,15100
1447.77,0,39400,-63900,2,8,3,1,10720
903.32,0,0,0,0,1,3,1,3170
1454.42,0,51600,-73900,1,19,1,0,12380
1603.42,0,61600,-30200,2,17,1,0,6710
1616.58,0,58500,-46800,1,13,3,0,12720
1611.83,0,0,0,2,4,1,1,3280
889.13,0,0,0,2,14,3,0,4910
1252.08,0,0,0,1,4,2,2,5040
995.56,0,0,-65400,2,23,3,1,8840
1347.92,0,0,-42100,2,21,3,0,6050
1724.09,0,0,0,0,23,3,0,11960
1379.93,0,0,0,1,6,3,0,4710
1554.64,4000000,0,-27900,1,21,1,1,10120
1377.94,0,0,0,1,23,1,2,4960
1313.33,0,53500,-73600,1,3,3,1,14120
1259.02,0,67000,-53600,3,8,1,2,940
1371.88,0,0,0,3,4,1,2,580
1399.27,6000000,38900,-48700,2,22,1,0,6680
1061.98,6000000,0,0,0,16,1,0,7250
1365.46,4000000,0,-56600,0,14,3,2,4920
894.4,0,0,-53700,2,13,1,2,7810
956.69,0,39600,-64300,0,20,1,1,8710
1123.89,0,35400,-49200,2,0,3,1,4580
1085.03,0,0,-61000,2,23,3,2,6480
1437.33,0,25000,0,0,13,1,1,12800
988.29,0,0,0,1,8,1,2,10520
1238.89,0,0,0,0,3,1,0,960
1384.64,5000000,0,0,2,16,1,2,11100
1595.07,0,75800,0,0,19,1,0,11820
1127.89,6000000,67400,-43800,0,0,1,2,6580
929.7,6000000,46400,-74300,2,12,1,2,5270
1829.63,0,56700,0,2,21,3,1,6150
904.7,7000000,68600,-22300,1,0,1,1,14840
1243.84,0,47900,-73400,0,22,1,1,12980
1030.95,0,47200,0,1,20,3,1,3590
1285.03,3000000,0,-41500,0,0,1,1,10440
1216.56,0,67400,-83200,0,20,1,0,13000
966.26,0,56400,-32800,0,1,3,0,6720
1203.17,0,56700,-65600,2,11,1,0,5750
1212.12,0,65600,0,1,14,3,1,5730
1573.93,0,30400,0,0,20,3,0,10840
1609.67,0,0,-13200,1,22,1,1,13800
1097.57,0,0,0,2,12,1,1,6170
1618.65,2000000,0,-42600,1,3,3,2,7810
922.67,0,47400,0,1,15,3,2,9360
1342.02,0,0,0,3,8,1,0,450
1195.01,0,60700,-54300,1,13,3,0,6100
994.74,0,0,-55300,0,8,1,2,620
1050.24,0,30700,0,0,7,1,0,720
1313.51,7000000,68500,0,3,9,1,2,280
1102.29,0,73000,-37900,0,15,1,1,6000
1185.78,0,0,-60700,0,5,1,0,8900
1527.95,0,69400,0,1,15,4,0,15560
1366.39,0,0,-22400,1,22,3,2,5840
1403.9,0,0,0,2,16,2,1,8020
927.23,0,51500,0,2,7,1,1,6760
1554.86,6000000,59000,0,0,2,1,1,680
736.07,6000000,45700,0,0,17,4,0,10380
974.16,6000000,0,-56800,2,12,3,1,4860
973.8,0,0,-85900,1,9,1,1,6620
1260.32,6000000,0,-79800,2,16,1,1,4550
1464.03,0,0,0,0,19,3,2,4420
617.11,0,0,-54100,1,14,3,1,5080
1724.46,6000000,81800,0,2,18,3,1,4420
1161.31,0,64800,-24300,0,23,1,1,5720
1091.73,0,36100,-42300,0,15,3,0,5550
1209.07,0,0,0,0,18,1,0,6270
1241.04,0,0,0,0,16,1,2,18220
1757.21,0,46400,0,0,12,3,1,5460
802.24,0,0,-62500,1,16,1,0,5570
1342.72,0,0,-45300,2,21,1,1,6940
1209.41,5000000,0,0,2,15,3,0,11420
1141.71,2000000,36700,-73400,1,21,1,1,6770
1090.03,0,0,-51000,1,1,1,0,4840
1464.73,3000000,54900,-36700,2,17,3,0,5720
1118.58,0,0,-36600,2,5,3,2,10340
1117.04,0,0,-42700,2,15,3,1,5460
1257.83,7000000,40700,-41600,1,2,4,2,9540
1082.72,0,61400,-57500,0,3,1,2,580
1191.8,6000000,55600,0,1,19,1,1,12220
1242.02,0,0,-28800,0,17,1,0,7490
1075.71,0,0,-47400,3,7,1,0,290
969.88,6000000,0,0,0,21,1,1,6410
1459.93,0,0,0,2,10,2,1,14180
1245.61,0,0,0,2,11,1,1,9180
1462.76,0,69200,-36900,1,23,3,2,4080
1398.46,0,0,0,0,14,1,0,15060
1269.64,0,48800,0,0,10,1,1,15360
1455.65,4000000,0,-66300,2,6,3,2,7980
1140.31,0,29300,-64700,0,10,3,0,9640
1330.46,0,54800,-64100,2,5,3,0,4400
1190.6,0,0,-45300,0,17,1,1,7860
972.5,0,0,0,3,3,1,2,580
1161.91,0,0,-50400,0,9,1,0,650
1117.17,0,0,-29900,3,6,1,2,1240
1101.51,0,64000,0,0,22,3,2,11580
1523.17,0,0,0,1,10,3,1,15760
984.45,0,0,0,0,4,1,1,780
1257.0,4000000,63900,-43700,2,23,1,1,11140
1434.51,0,0,0,2,19,1,0,8930
1628.0,0,0,0,2,22,1,1,5560
1412.31,0,0,0,3,6,1,1,500
1362.87,5000000,56900,-56900,0,6,1,2,14740
1134.68,0,0,0,1,18,1,2,13860
1306.78,0,0,0,2,22,1,1,20280
1021.9,0,0,0,1,21,1,0,14040
1538.6,0,0,-54700,0,12,1,0,12120
1354.5,0,52800,0,1,6,3,0,12960
1282.93,0,0,0,1,0,4,0,12160
1346.27,0,44900,-91400,2,11,1,0,5820
1338.4,4000000,63600,0,0,19,1,1,6730
949.44,0,0,-38400,1,22,3,0,8710
977.4,0,82200,0,2,2,1,2,11140
1181.46,10000000,0,-67400,2,16,4,1,5670
1187.53,0,83200,-53300,2,23,3,0,0
845.16,0,0,0,1,21,1,1,6130
1442.27,0,67900,0,0,10,1,2,5850
1276.43,0,0,0,1,12,1,0,6660
1075.41,0,55200,0,2,6,1,1,7340
1111.72,0,54600,0,1,6,1,1,4650
814.96,6000000,68500,0,3,7,1,2,1280
1575.86,0,0,0,3,3,1,1,290
1115.27,0,0,-66000,3,10,1,2,590
1175.7,0,0,0,2,14,1,0,6370
793.15,0,54600,-45500,2,17,3,0,13660
942.51,0,0,0,1,16,1,0,19200
1056.71,0,77900,0,0,3,1,2,580
1255.68,6000000,23600,-15600,0,7,1,0,1480
1335.13,0,44000,-71000,2,13,1,1,6090
1178.95,6000000,0,-67300,2,20,1,2,9880
1793.16,0,0,0,0,23,1,2,6250
1008.38,0,37900,0,2,11,1,1,6150
1396.83,0,0,0,1,0,4,0,13980
1402.78,5000000,70300,-50300,0,2,1,0,12460
1437.88,0,42800,-51200,2,3,1,2,0
1313.64,0,12100,0,3,3,1,1,390
1482.14,0,33000,-43600,2,15,3,2,6750
1171.75,0,46500,-42700,0,23,1,2,4430
1353.33,0,0,-8500,0,9,3,2,17300
1175.51,0,0,0,0,20,1,0,680
1836.02,0,38000,-41200,1,5,1,2,6650
1480.79,9000000,0,-12100,2,15,1,0,17260
1453.92,0,51700,0,0,13,1,2,7950
1340.71,0,0,0,0,16,1,2,13860
714.03,0,0,-17000,0,0,1,0,9920
1376.16,0,38600,-50300,1,10,3,2,5970
914.22,0,37900,-72900,2,14,3,2,7690
1601.47,0,64400,0,2,1,3,2,6850
1096.79,6000000,45500,-60600,1,16,1,2,8140
1078.22,0,54500,0,1,2,3,0,5310
1595.28,0,0,0,1,23,3,0,3510
1217.84,5000000,49600,0,0,19,3,2,9600
1117.42,0,0,-51900,0,23,3,2,11820
1567.37,0,62500,0,1,10,1,2,11660
1294.93,6000000,38000,-50300,0,12,3,1,0
1152.12,0,0,-62400,2,15,3,2,15080
1441.21,0,0,0,3,3,1,1,1180
1575.74,7000000,0,-68900,0,19,1,2,1180
1233.96,0,34500,-60600,2,16,3,1,5590
1861.43,0,60400,-67800,1,16,1,0,6380
1570.86,0,66000,0,2,10,1,0,7270
791.47,0,0,0,0,6,1,1,1260
1012.78,0,43700,0,1,18,1,2,19020
1047.06,6000000,0,0,1,20,3,0,6350
1390.29,0,0,-41200,0,14,1,0,6290
951.46,0,0,-35500,1,8,3,0,6630
1226.78,0,49600,-49200,0,17,2,2,8150
1280.9,0,48900,-40900,0,9,1,2,5000
1472.77,0,0,-31700,2,0,1,2,8780
1878.44,0,0,-76000,2,2,1,0,5370
1418.5,0,0,0,0,23,3,0,6330
1532.8,0,0,0,2,8,1,0,11960
1304.35,0,0,0,2,6,3,0,11600
1551.61,0,45000,-30400,0,3,1,1,250
1326.98,6000000,64200,0,0,14,3,1,9020
862.92,0,0,-71700,1,16,3,0,11580
1331.69,0,0,0,0,12,1,1,10300
1486.04,0,0,-56200,1,1,3,2,6410
870.55,0,0,-49400,0,19,1,0,13380
1344.56,6000000,0,-39100,3,7,1,1,0
1377.04,0,61400,-41100,0,6,4,1,6620
1237.88,0,0,-46900,1,11,1,0,5780
1525.86,0,0,0,0,2,1,1,6670
854.58,0,52200,0,0,15,1,2,23670
770.76,0,0,-53700,1,0,1,0,4980
1132.74,0,0,-37500,1,12,1,1,14080
1173.37,8000000,0,-42700,2,1,1,1,0
1188.28,6000000,0,-53800,1,16,2,1,5980
876.88,6000000,0,0,0,2,1,2,6370
1143.95,0,51400,0,0,13,3,2,5930
1409.06,0,74200,-68100,0,0,1,2,14520
1070.63,0,0,0,2,0,3,0,12320
916.13,0,55300,-58400,2,16,3,2,12360
1191.5,0,38600,-52900,2,8,1,2,8900
1474.66,0,0,-46200,3,9,1,2,820
1193.45,0,0,0,2,11,1,2,5880
1437.53,0,0,0,0,6,3,0,5970
1304.83,0,0,0,2,18,1,0,10100
1168.8,0,0,-42400,2,11,1,0,3250
1164.97,0,43000,-42500,2,17,1,1,7140
1232.72,0,87800,-51200,1,21,3,1,14660
1800.76,0,0,-78600,0,0,3,1,4780
1187.01,7000000,46300,-33000,3,9,1,0,640
1559.34,0,0,-51600,2,1,1,0,7000
1137.02,0,31500,0,2,22,1,1,16020
1281.72,0,33500,-49500,0,20,4,0,4340
796.35,0,72400,-77000,2,9,3,2,10720
1270.02,0,0,-45800,0,5,1,1,240
1383.13,0,46700,0,3,12,1,1,1060
1290.74,5000000,58300,0,1,6,3,2,14340
1216.68,0,55100,0,3,8,1,1,300
1251.16,0,41400,0,2,14,1,0,6330
1586.41,0,33500,-58900,1,10,1,1,13740
1526.11,5000000,0,0,0,12,1,2,15040
1028.44,0,0,0,1,12,1,0,7360
1555.94,0,23300,0,2,12,3,1,13180
1570.77,0,98800,-65300,0,13,1,0,620
1170.53,0,65000,-49200,2,17,3,1,11380
1099.95,0,0,-71900,1,14,1,1,6550
1472.43,0,0,-90600,1,3,3,1,11560
1275.62,0,0,-56200,0,18,3,2,6140
1292.3,0,47600,0,0,5,1,1,470
1009.37,0,45400,-39400,2,19,1,0,13480
1093.07,4000000,27700,-72400,1,0,1,2,13860
1325.44,7000000,51400,-6300,3,22,1,0,830
1017.18,0,0,0,1,21,3,1,8740
1221.17,0,49300,0,0,4,3,0,11340
1927.87,0,0,0,0,10,1,0,5410
978.27,0,65700,0,1,5,1,1,7640
1221.14,0,48100,0,2,13,1,0,13720
1255.62,0,0,0,1,18,3,2,6900
999.52,0,0,0,0,6,1,1,720
1380.89,0,30000,-53000,0,0,3,2,12220
1010.77,0,52300,-55600,2,5,3,0,4250
1205.86,0,0,-34600,0,8,1,0,7200
1526.61,0,0,-32900,0,5,1,2,840
1496.44,0,0,0,3,9,1,2,1260
1256.2,0,0,0,0,10,3,1,8340
1268.35,0,0,0,1,16,1,2,14060
1421.59,0,0,0,3,8,1,2,450
1500.04,6000000,0,-36500,0,5,1,0,860
1433.24,0,0,-19500,2,11,3,2,2730
1231.25,0,46500,0,0,15,3,1,9760
1135.43,0,22700,0,2,23,3,1,3900
945.73,5000000,38600,-42800,0,23,1,0,8410
1118.76,0,0,-55800,2,23,1,1,6840
1231.98,0,0,-31700,0,10,1,0,5530
1005.47,0,58100,-49000,0,12,4,2,5770
1108.97,0,68400,-66800,0,4,1,2,16620
1392.39,5000000,0,-65700,0,16,1,2,5430
1317.97,0,34700,-81000,1,18,3,1,5380
1588.22,0,0,-53800,2,15,3,1,8460
900.02,6000000,0,-49900,2,8,1,1,6970
1744.64,3000000,0,0,2,4,3,0,7280
1260.56,0,0,-54900,0,20,3,0,4690
1021.14,0,69500,-47700,1,1,3,2,14380
1285.09,0,48000,-79600,1,19,1,0,15060
1537.07,3000000,0,0,2,11,1,1,4740
1022.42,0,50000,-56900,2,13,1,0,14220
1558.86,0,51100,-75100,0,2,1,2,6940
1757.87,0,71400,0,1,9,3,2,10000
973.5,0,50400,0,2,15,2,1,7860
1430.8,0,0,0,1,23,1,2,19260
1192.27,0,0,-40200,2,16,1,2,12240
1163.83,0,37700,0,1,21,4,2,13840
1003.15,0,0,-38500,0,21,2,2,13080
1153.54,6000000,0,-57000,0,3,3,0,12380
1631.1,0,0,0,3,4,1,1,670
1252.48,0,0,-55800,0,17,1,1,510
1677.26,0,40100,0,3,7,1,1,510
979.73,0,51700,0,1,14,2,1,14480
989.24,0,0,0,1,13,1,2,7090
1389.86,0,0,0,2,23,2,2,6510
1233.85,0,0,0,2,23,3,2,14280
1320.39,0,0,0,1,16,1,2,21810
1435.09,0,36600,0,2,17,1,2,6290
1448.54,0,58600,0,1,9,1,1,7690
1733.56,0,0,-43800,1,13,3,2,14840
1533.07,0,0,-28800,1,13,1,1,6500
1106.77,0,45500,-62500,3,3,1,2,500
995.7,5000000,0,0,3,3,1,2,1000
1298.85,6000000,71300,-70300,1,16,3,1,12100
1276.73,5000000,0,0,1,12,3,1,6880
1202.28,0,0,-61400,0,4,1,1,4370
671.92,0,0,-26400,0,3,1,2,7120
1358.03,0,59300,-31400,2,0,1,2,10000
1008.79,4000000,46000,0,3,19,1,2,550
1141.1,0,0,0,0,15,2,0,11940
1397.0,0,0,0,0,6,1,1,6860
1664.66,0,0,-66200,2,3,1,0,5750
1151.39,4000000,0,-63900,0,17,1,0,1740
1546.01,0,0,0,2,4,4,2,7710
1063.67,0,0,0,0,14,1,2,6600
709.14,0,0,0,0,3,3,1,4990
1039.55,0,55600,-59700,0,4,3,2,13460
1339.39,0,0,0,2,13,1,1,11180
1202.75,0,57900,-90100,0,23,3,0,13260
1081.17,0,0,-65200,0,3,1,0,490
991.39,0,45600,-61400,2,0,3,1,14140
984.02,0,75800,0,1,14,2,2,14940
1354.83,0,66300,0,0,14,2,2,4060
830.31,0,0,-32600,2,22,1,1,10060
987.42,7000000,0,0,0,17,3,0,8560
1119.29,0,0,0,0,14,1,0,4070
1048.39,0,0,0,0,2,1,2,3150
1074.47,0,0,0,3,4,1,2,400
1230.76,0,0,-74200,1,2,1,1,14360
1255.02,0,58200,0,0,10,1,1,1120
1555.52,0,43600,-67800,1,11,1,1,7750
836.11,5000000,0,0,1,1,4,1,6070
1450.98,0,43700,0,3,20,1,0,1100
625.08,0,44200,-37000,1,10,1,2,7990
1133.27,0,0,-56400,2,20,2,0,5500
1366.6,0,0,0,0,10,3,2,16040
1439.9,6000000,0,-48400,2,2,2,1,4880
1230.69,0,0,-54600,0,19,1,0,5380
1307.68,0,0,-48500,1,10,1,1,9060
1124.69,0,0,0,1,14,1,0,4940
1520.78,0,0,-42900,3,5,1,0,260
1609.11,0,0,0,0,8,1,2,1220
1358.91,0,0,0,3,4,1,0,1340
1295.87,0,0,0,1,4,3,1,5080
1161.03,5000000,45300,0,0,20,2,1,5190
1441.06,0,53800,-78300,2,18,1,2,16300
1097.99,0,44400,-71500,2,0,3,0,0
1464.42,0,79900,0,1,1,1,2,5660
1543.68,0,20200,0,1,17,1,0,4720
1390.89,5000000,0,-74400,0,23,1,2,4860
1148.58,0,0,-71200,2,4,3,2,5710
1616.26,0,50700,-57600,2,0,3,2,7040
1398.94,0,0,0,0,11,1,1,13660
1238.92,0,57800,-53700,3,4,1,0,920
968.46,0,50800,-66200,2,0,3,0,13200
1045.12,0,0,-28300,1,2,3,0,15540
1537.33,0,0,-74800,0,11,3,1,15540
912.3,0,58500,-44000,1,23,3,2,12500
1007.28,6000000,0,0,0,17,3,1,16560
1189.98,4000000,0,-54700,0,22,1,1,8060
1576.41,0,0,-55100,1,18,1,1,9500
1172.82,4000000,82100,0,3,8,1,1,390
1312.22,9000000,0,-33300,0,15,3,0,5940
671.01,7000000,42900,-61500,0,20,1,2,6690
895.14,0,52600,-30400,0,4,1,0,4360
1373.21,0,42700,-64900,2,10,3,0,12560
1625.65,0,0,0,1,10,1,1,5950
1295.63,4000000,42200,-33800,2,22,3,1,5940
1459.96,6000000,41300,-42000,2,15,3,0,7580
1219.94,7000000,0,-51000,0,13,1,0,12620
1064.49,5000000,73500,-43300,2,23,1,2,10480
959.83,0,0,-38700,1,18,3,2,11600
1767.02,0,0,-49300,2,7,1,1,8400
1285.01,0,0,-39800,1,21,1,2,5850
1422.95,0,0,0,1,15,3,1,11040
1223.39,0,0,0,2,17,3,1,8180
1539.06,0,37800,0,0,2,1,0,10700
988.06,0,0,0,0,1,3,1,4040
1740.57,0,0,-18600,1,3,1,0,3720
1540.91,7000000,40900,0,3,0,1,1,960
1381.88,5000000,0,-77800,3,4,1,0,420
1446.98,0,0,-45700,0,11,3,2,5270
1220.86,0,55400,-40400,3,4,1,1,960
948.1,0,44500,-61400,0,11,3,0,6930
1471.24,0,57500,-93600,0,4,3,2,4060
1157.97,0,0,-64500,2,20,1,2,6720
566.11,5000000,0,0,3,22,1,0,440
1060.88,0,0,-66500,3,4,1,0,1100
1524.45,4000000,0,-44800,2,21,4,0,4270
1556.17,0,63900,-53300,1,20,1,1,7320
1216.24,0,26700,-47200,1,7,1,2,10000
1484.72,5000000,0,0,3,4,1,0,320
1203.81,0,52500,-51300,0,17,3,0,20550
1393.34,0,0,-61400,0,20,3,1,12480
1484.48,0,50700,-36300,1,10,1,2,11460
1581.27,5000000,42200,-48000,0,8,1,2,11540
1281.25,0,0,-53100,1,6,1,0,4040
1667.83,0,48500,-67400,0,4,1,1,1200
1497.41,0,14100,-44500,0,17,3,2,9650
803.36,0,0,0,2,15,3,0,11400
1221.41,0,46700,-72500,3,9,1,2,300
1865.83,5000000,32800,-50600,2,17,1,2,8600
1434.27,0,0,-35900,1,13,1,2,10020
1114.68,0,44500,-55900,3,5,1,1,480
1218.56,0,39300,-60300,2,23,3,2,5730
1234.69,9000000,0,0,1,1,2,2,7440
964.92,0,45700,0,1,17,4,2,3530
1351.72,0,0,-49400,0,3,1,1,480
817.28,0,62200,0,2,17,3,1,9260
1389.59,0,0,-42600,1,23,3,1,7560
1353.53,0,54700,-47900,0,13,1,0,0
1294.04,0,0,0,0,17,1,2,6610
840.81,0,0,0,0,2,1,0,7510
998.19,0,43700,-66300,2,23,3,1,19650
1090.32,0,0,-70400,0,17,1,1,5710
1780.67,0,0,0,1,3,1,1,7020
1681.01,0,0,-51100,0,16,1,2,1470
1395.77,0,82600,-49500,1,13,3,1,11080
1471.44,5000000,57500,0,1,8,1,2,9160
1265.72,0,0,-59500,1,23,1,0,9900
1274.7,5000000,47500,-58700,1,15,3,2,11080
1330.39,0,0,0,2,3,1,2,9980
1122.95,4000000,78000,0,0,4,3,0,12480
1655.79,0,0,0,0,8,1,0,16280
935.77,0,0,-36000,3,21,1,1,650
1192.04,0,66100,-31400,2,23,1,0,11160
990.11,0,0,-41200,3,8,1,1,1060
1422.21,0,0,-46400,1,21,1,2,17180
914.85,0,72100,0,0,5,1,2,1580
1123.84,0,48200,0,2,12,3,0,3360
838.02,0,0,0,0,7,3,2,6440
1300.68,0,49000,0,0,0,1,1,0
1173.21,0,0,0,1,14,1,0,7830
985.97,5000000,0,0,1,13,1,2,7470
1129.23,0,17300,-60400,1,1,1,1,5030
1194.83,0,28600,0,1,23,1,0,8840
1114.29,0,51300,0,1,1,1,2,6060
1509.04,0,10000,0,2,9,1,2,14240
664.86,0,0,-60000,2,3,1,0,16160
1267.4,6000000,0,0,0,0,1,2,5070
1119.23,0,51500,0,2,13,3,1,5690
1698.51,0,0,0,2,18,3,2,8640
1422.78,0,61600,0,2,17,3,2,5280
1212.75,0,0,-51400,0,11,1,0,13800
1423.34,0,55300,-37900,0,0,1,0,1400
976.37,0,0,-61000,0,14,3,1,6760
1124.59,6000000,67300,0,0,4,1,1,6800
1569.33,0,79600,0,1,2,3,2,13000
1359.36,5000000,0,-43600,1,9,3,2,6510
1607.36,0,0,0,1,21,4,0,12120
1042.25,0,0,-44400,1,0,3,2,20310
1453.95,0,38200,0,2,17,3,0,5860
1969.63,0,0,0,2,21,3,1,13900
1156.19,0,49900,-62700,1,20,3,0,4940
1124.47,0,0,-45100,2,5,1,0,16460
1493.5,5000000,39900,-44000,0,7,1,2,730
1155.38,0,34200,-32300,0,6,1,0,6390
878.19,0,57100,0,0,2,4,0,4830
1145.85,0,0,-40000,2,19,3,1,4610
1261.28,0,68500,-42100,0,21,3,2,7190
1427.46,0,0,0,1,3,3,0,8790
1592.41,0,58900,-29100,2,22,1,2,5340
1274.63,0,51000,0,2,22,1,2,9460
1362.31,0,67600,-65300,0,16,1,0,7460
919.37,0,83600,0,0,0,1,0,8060
1377.23,0,72600,0,0,1,3,2,11620
995.55,5000000,51500,-52100,1,19,3,0,12400
1508.12,6000000,0,0,1,0,3,2,6750
484.67,0,21100,-60800,1,2,3,0,11920
1561.41,0,21200,0,0,5,3,1,12780
1457.21,0,46300,0,2,6,1,2,5000
1128.71,0,0,-47100,2,21,3,2,6180
1358.2,0,52900,0,1,11,3,0,11740
1232.79,0,49900,-62100,0,3,1,2,14100
936.19,0,70600,-48500,2,4,3,2,5790
1302.34,0,0,-52600,0,2,3,1,10520
1264.99,0,67800,0,0,22,1,1,4200
1467.76,0,38700,-33100,2,8,1,1,6330
1124.43,0,0,0,2,14,3,0,4420
1319.81,0,67200,-59400,0,14,4,1,3520
1482.53,0,49100,-45100,3,5,1,1,20
1328.18,0,53000,0,0,18,1,2,6260
1463.95,0,0,0,2,20,3,0,6340
1133.85,0,60200,0,2,0,3,2,15120
1037.32,0,0,-15700,0,1,3,2,13480
1562.8,0,42800,-68200,2,10,1,1,4490
1425.79,0,62400,-52300,0,12,1,0,11560
1615.14,0,67100,0,0,6,1,0,680
1236.5,0,0,-48700,3,1,1,0,920
1017.97,0,59900,-34800,2,21,3,0,6520
1306.0,0,46100,-46900,1,3,3,2,3850
1174.14,0,50400,-61500,0,14,4,0,5370
1231.01,0,0,-31700,0,19,3,1,3160
1299.18,0,57100,0,1,7,1,2,8280
1469.75,0,0,-57600,0,0,1,0,3870
1390.72,0,83900,-52100,3,6,1,2,530
1694.09,7000000,0,0,2,0,1,0,9540
1140.15,0,0,-36800,2,9,3,0,8400
1310.71,0,29300,0,2,23,1,0,5770
1730.49,7000000,46300,-41700,0,13,3,2,9360
1616.65,7000000,0,-59500,2,0,3,0,5550
1935.85,4000000,49500,-81100,1,7,1,2,8430
855.14,0,37900,0,0,23,1,0,6140
1568.47,4000000,46800,0,1,7,1,2,5660
1550.53,0,0,-27700,3,20,1,0,660
1370.92,0,48900,0,0,22,1,0,6960
1363.59,0,43200,0,0,10,3,2,7950
828.42,3000000,0,0,2,10,1,2,5600
1209.63,0,64800,-44200,0,17,1,1,0
1111.17,0,35000,0,3,3,1,2,450
989.97,0,32500,0,0,10,1,0,9600
1114.23,0,0,0,1,1,1,0,5220
1347.31,0,80900,-111100,0,1,3,2,12300
1687.53,0,0,-69600,2,7,1,1,7820
1183.48,0,0,0,1,19,1,2,9200
1537.13,0,0,-58300,2,3,3,0,6340
1173.25,0,0,-34700,0,3,1,0,520
1361.16,4000000,0,-63700,0,23,1,2,5310
1422.56,7000000,26900,-55300,0,7,1,1,320
1143.06,0,63100,-54100,2,0,3,0,14580
1405.71,0,0,0,2,10,1,0,14140
1354.2,0,100500,0,0,4,4,0,10940
1055.6,0,69500,-40700,1,16,1,1,6800
999.43,0,25800,0,3,3,1,2,410
1155.97,0,0,0,0,5,1,0,11180
1726.91,0,0,0,3,14,1,0,1440
1232.57,0,59500,0,0,7,3,0,4100
1078.65,0,36800,0,0,16,1,2,6060
1324.78,0,0,-64500,1,6,1,2,7640
1518.54,0,0,0,2,10,1,1,10600
1239.06,0,34900,0,2,19,1,1,10420
1246.68,0,0,0,0,10,1,0,5900
1622.67,0,0,0,2,6,3,1,7470
1082.36,0,0,0,1,12,3,2,6050
1270.55,0,0,-72100,2,10,3,2,15440
1236.32,5000000,55100,0,2,0,1,2,11100
785.82,0,49700,0,1,12,3,2,6280
1265.84,0,52200,-44500,0,10,1,1,380
1508.9,0,0,0,2,3,4,0,11300
1106.84,0,43100,-31900,0,21,1,1,560
1389.13,7000000,0,-53200,0,6,1,0,1800
974.84,0,52100,0,2,0,1,0,7110
1304.46,0,51700,-33300,3,6,1,0,1080
1257.36,0,0,0,1,20,3,1,4670
1257.04,0,0,-48800,1,4,1,2,5160
719.52,0,45800,0,3,9,1,0,600
1524.18,0,0,0,0,20,3,1,5430
1395.58,0,0,0,0,7,1,2,860
1243.68,0,0,-71400,1,18,3,0,0
1189.04,0,59600,0,0,0,3,1,3980
1375.29,0,0,0,1,11,3,0,6240
1389.13,0,63100,-79400,2,13,1,0,10540
1387.51,0,0,0,0,19,3,1,7620
1178.61,7000000,0,-54400,1,23,1,1,19470
1166.62,6000000,0,0,3,23,1,0,570
1556.31,0,0,-75000,2,19,3,2,8630
1452.27,0,75800,0,1,19,1,1,9360
1212.07,0,66900,-51800,2,17,3,2,7040
1578.54,0,0,-41400,0,18,1,1,15180
1488.26,0,0,-63500,2,17,3,2,5790
1096.39,0,0,0,2,11,3,1,5490
1215.36,0,54400,0,0,22,3,0,6620
1482.57,0,35000,0,0,7,1,0,10680
954.18,0,0,0,0,17,3,2,4250
1193.4,0,0,-40800,2,16,3,2,4450
1023.11,0,0,-45300,0,13,3,1,10700
1524.45,0,73200,0,0,17,3,0,8240
1653.32,0,0,-48800,0,3,1,2,6780
1022.46,0,52700,0,0,15,3,0,7420
1396.43,0,21500,0,2,16,1,2,5270
1521.55,0,61100,-64500,1,18,1,1,6820
1034.27,0,0,0,0,18,1,1,7100
1255.35,0,60300,-58900,2,22,2,0,5930
1396.89,6000000,0,-61600,0,15,3,1,13380
795.31,0,0,-51000,1,16,3,1,7420
982.22,0,54500,-72100,2,18,1,1,7540
1074.07,0,70900,-61100,0,8,1,2,840
1311.3,0,38500,0,1,23,3,0,5850
1277.12,0,0,-46000,1,18,1,0,7680
1388.62,0,35200,0,0,10,1,1,6610
1406.52,8000000,0,0,1,12,1,0,4420
1558.29,0,0,-49300,3,5,1,1,1540
1132.47,4000000,46300,0,2,21,3,2,10240
1896.91,0,73700,0,1,17,3,1,10880
1143.46,4000000,0,0,2,4,1,2,9760
1285.42,0,0,0,1,11,1,1,6730
1305.26,0,66200,-49700,1,18,1,1,6680
1073.83,0,0,0,2,12,1,0,15580
1051.67,0,0,0,1,18,3,0,4270
1387.35,0,0,-72000,0,16,1,2,10220
1083.64,0,59800,0,2,19,3,0,13280
1851.78,0,78800,0,2,13,1,1,6860
1270.29,4000000,24000,-50500,0,4,1,0,640
1459.99,0,35900,0,1,8,1,1,6060
1253.44,0,0,0,1,19,3,2,5120
1142.48,0,0,0,2,18,1,2,4750
1188.45,0,0,-44800,2,9,2,0,10780
1125.4,0,40000,-43400,3,6,1,2,440
1294.41,0,0,0,0,8,1,0,1380
1459.5,0,0,0,0,6,1,1,1000
1367.99,0,26500,0,1,23,3,0,5520
1594.37,0,0,0,3,13,1,0,1320
1035.99,0,0,0,0,3,3,2,11760
911.53,0,53200,0,1,23,1,0,11840
1319.97,0,73700,0,0,8,1,1,940
1391.63,0,61200,0,2,23,1,0,6940
915.41,5000000,0,0,2,23,1,0,4050
1468.82,0,56800,-51800,0,9,3,2,10000
1412.76,0,66400,-63700,0,22,1,2,11220
1588.26,0,56700,-49300,2,22,3,2,8410
1140.91,0,51300,0,1,15,3,1,6430
1517.54,0,0,-20900,1,16,3,2,6440
912.29,0,42900,-39100,0,17,3,1,16180
1144.3,0,52600,0,0,3,1,1,500
1281.43,0,65100,-50300,2,10,3,0,6140
1101.85,0,46100,0,0,9,1,1,3720
1082.1,0,0,-30900,2,13,2,0,7270
1185.44,0,44900,-52500,1,15,3,2,7760
1175.07,0,30100,0,0,23,1,1,7980
979.26,0,0,-67000,1,2,4,0,14560
920.81,0,0,0,1,14,1,2,7910
922.85,0,70300,-70900,3,7,1,1,400
1107.59,3000000,65400,0,1,23,1,1,10440
1272.46,0,0,0,0,7,3,2,6330
1340.24,0,0,-68800,0,8,3,1,6910
1648.0,0,57700,-43500,2,17,1,1,4020
1381.14,0,0,0,0,10,3,0,10400
1198.44,8000000,0,0,0,9,1,0,560
951.27,0,42100,0,2,2,1,1,6890
1341.24,0,37100,-46500,0,18,3,0,2970
1177.57,0,0,-65500,0,4,1,2,860
1055.09,0,0,0,2,12,1,0,16640
1479.48,0,0,0,1,15,1,1,13580
1827.38,0,0,-15900,3,9,1,1,840
1169.62,0,0,0,1,6,1,0,10000
1516.34,0,11000,0,1,11,4,0,6600
1270.21,0,16100,-61200,2,13,3,1,0
809.11,0,33200,0,0,4,3,2,10280
1115.81,0,0,-59800,0,20,3,1,10840
1457.65,5000000,0,0,1,0,3,1,5820
1041.36,0,53100,-43900,2,18,4,2,13520
1693.83,7000000,44000,-20800,0,6,1,1,5340
1685.69,0,31400,0,2,23,1,2,14360
1054.92,6000000,51900,0,1,4,1,0,0
1333.97,6000000,61100,-30700,1,21,3,1,11100
1013.61,6000000,45700,-41400,0,7,1,1,860
958.3,0,47900,0,1,19,3,0,8520
1112.04,6000000,52800,-54300,0,5,1,1,780
1206.26,0,69900,0,0,22,3,0,7850
763.67,0,12800,-49700,2,12,1,1,7870
1042.56,0,0,-66100,2,19,3,0,7560
1263.48,4000000,46800,-87300,1,10,1,2,10600
1006.99,6000000,0,0,0,7,1,0,4840
1328.26,0,42300,-45800,2,17,1,1,6760
1250.08,5000000,0,-57700,2,0,3,2,11360
982.7,6000000,30800,-43700,0,9,1,1,470
1412.06,5000000,60100,0,2,21,1,0,5770
1066.7,0,0,0,2,22,3,0,14920
1585.54,0,42600,-44400,0,3,1,1,840
1416.08,0,0,-36600,0,16,1,0,5020
1246.03,0,61900,-50000,2,14,1,0,4510
1356.64,0,67800,-48600,2,21,3,0,15120
1387.7,4000000,0,0,0,19,1,2,15660
1004.14,0,35400,0,1,13,3,1,4800
1107.07,0,0,-45300,0,21,1,0,600
1429.96,0,67800,0,0,11,3,1,5720
1074.99,0,0,-48800,3,16,1,2,690
1007.0,0,30400,-89400,2,9,1,0,12320
1052.85,0,0,-70100,0,8,1,0,480
1200.33,4000000,0,-36400,0,7,1,2,780
1343.0,0,64600,0,0,12,1,0,9040
1441.6,5000000,0,0,0,21,3,0,12580
1433.42,6000000,53800,0,1,4,1,1,10840
1368.57,0,0,0,1,18,3,2,10360
862.19,0,69400,0,3,7,1,2,1200
871.46,0,58500,-77700,2,13,1,2,6740
1863.04,0,53400,-35200,2,0,1,2,6780
1181.64,0,25800,0,1,22,1,1,11080
1060.74,0,0,-51500,1,15,1,2,4910
951.56,0,59400,-78600,1,3,3,2,7560
1533.71,9000000,0,-70900,2,18,2,0,12100
1200.09,0,38400,-5700,1,17,3,2,7040
1093.83,4000000,0,-49600,1,18,3,1,8880
988.93,0,27600,0,2,11,1,2,15380
1331.94,0,0,-55400,2,17,1,0,9920
1361.45,0,39300,0,0,12,1,0,7470
1188.51,0,0,-65800,2,15,3,1,12220
1101.83,0,28900,0,0,0,3,0,10380
840.95,0,32500,-80800,3,9,1,2,430
1503.21,0,55700,-49900,2,1,1,2,11420
1722.5,0,0,-21500,1,22,1,0,7690
944.03,0,0,-58400,0,11,1,2,7700
1453.61,4000000,0,0,1,10,1,0,9280
1672.88,0,0,0,0,5,1,1,6070
1248.05,0,37500,-54000,2,3,3,1,0
1564.43,3000000,77500,-32800,0,18,1,2,3810
1280.88,0,59400,-32200,2,21,1,0,5220
722.66,0,50300,0,1,6,3,1,7340
1235.14,0,0,-32100,2,20,3,0,6020
1347.04,0,0,-82100,0,6,1,1,1080
1310.8,0,0,0,0,20,1,0,8720
1436.79,0,70900,0,1,23,1,2,18080
1383.49,3000000,35100,0,0,4,3,2,7500
1356.92,5000000,0,0,1,2,1,0,5220
766.19,0,0,0,0,6,1,0,920
